{
  "properties": {
    "connectionReferences": {
      "shared_applicationinsights": {
        "runtimeSource": "embedded",
        "connection": {
          "connectionReferenceLogicalName": "jms_sharedapplicationinsights_7d508"
        },
        "api": {
          "name": "shared_applicationinsights"
        }
      },
      "shared_commondataserviceforapps": {
        "impersonation": {},
        "runtimeSource": "embedded",
        "connection": {
          "connectionReferenceLogicalName": "jms_sharedcommondataserviceforapps_508e5"
        },
        "api": {
          "name": "shared_commondataserviceforapps"
        }
      }
    },
    "definition": {
      "$schema": "https://schema.management.azure.com/providers/Microsoft.Logic/schemas/2016-06-01/workflowdefinition.json#",
      "contentVersion": "undefined",
      "parameters": {
        "$authentication": {
          "defaultValue": {},
          "type": "SecureObject"
        },
        "$connections": {
          "defaultValue": {},
          "type": "Object"
        }
      },
      "triggers": {
        "Recurrence": {
          "recurrence": {
            "interval": 1,
            "frequency": "Day",
            "timeZone": "Eastern Standard Time",
            "schedule": {
              "hours": [
                "1"
              ],
              "minutes": [
                0
              ]
            }
          },
          "type": "Recurrence"
        }
      },
      "actions": {
        "Run_Analytics_query": {
          "runAfter": {},
          "metadata": {
            "operationMetadataId": "1cefe59e-b9c1-46ed-8b32-17b09653829e"
          },
          "type": "OpenApiConnection",
          "inputs": {
            "parameters": {
              "query": "union isfuzzy=true    \r\n    dependencies\r\n| where user_Id != \"00000000-0000-0000-0000-000000000000\"\r\n| where name contains \"https://josaxton.crm.dynamics.com\"\r\n| where customDimensions contains \"appModule\"\r\n| extend app = parse_json(customDimensions).appModule\r\n| extend dt = strcat(datetime_part(\"month\", timestamp),\"/\", datetime_part(\"day\", timestamp), \"/\", \r\ndatetime_part(\"year\", timestamp))\r\n| summarize by dt, user_Id, tostring(app)",
              "timerange": "Last 24 hours"
            },
            "host": {
              "apiId": "/providers/Microsoft.PowerApps/apis/shared_applicationinsights",
              "connectionName": "shared_applicationinsights",
              "operationId": "RunQuery"
            },
            "authentication": "@parameters('$authentication')"
          }
        },
        "For_each": {
          "foreach": "@outputs('Run_Analytics_query')?['body/value']",
          "actions": {
            "Add_a_new_row": {
              "type": "OpenApiConnection",
              "inputs": {
                "parameters": {
                  "entityName": "crd09_appusages",
                  "item/crd09_user": "@items('For_each')?['user_Id']",
                  "item/crd09_appused": "@items('For_each')?['app']",
                  "item/crd09_dateused": "@items('For_each')?['dt']"
                },
                "host": {
                  "apiId": "/providers/Microsoft.PowerApps/apis/shared_commondataserviceforapps",
                  "connectionName": "shared_commondataserviceforapps",
                  "operationId": "CreateRecord"
                },
                "authentication": "@parameters('$authentication')"
              }
            }
          },
          "runAfter": {
            "Run_Analytics_query": [
              "Succeeded"
            ]
          },
          "type": "Foreach"
        }
      }
    },
    "templateName": null
  },
  "schemaVersion": "1.0.0.0"
}