<powerbireport uniquename="jms_e13bb23b94fb488bb34a1668d7eb1831">
  <datasetid>
    <uniquename>jms_e069ec21f0054368b3fd7ff3fe478e79</uniquename>
  </datasetid>
  <iscustomizable>1</iscustomizable>
  <name>D365Usage</name>
  <package mimetype="application/zip">package.pbipkg</package>
  <reportobjectid>81b07c68-d0f7-48ac-9e11-96c4d9bb6ba8</reportobjectid>
  <reportoriginalobjectid>1829f859-faa3-41a5-a955-6cb1381962f7</reportoriginalobjectid>
  <statecode>0</statecode>
  <statuscode>1</statuscode>
</powerbireport>