<powerbidataset uniquename="jms_e069ec21f0054368b3fd7ff3fe478e79">
  <datasetobjectid>a6646561-6a4c-4e6a-809a-c379f848bfc8</datasetobjectid>
  <datasetoriginalobjectid>5c7e2a79-0a66-4966-8475-6afbdcb78e65</datasetoriginalobjectid>
  <dataverseconnectionupdateenabled>0</dataverseconnectionupdateenabled>
  <iscustomizable>1</iscustomizable>
  <name>D365Usage</name>
  <package mimetype="application/zip">package.pbipkg</package>
  <statecode>0</statecode>
  <statuscode>1</statuscode>
</powerbidataset>